	{
		"metadata": {
			"formatVersion" : 3.1,
			"generatedBy"   : "Blender 2.7 Exporter",
			"vertices"      : 40,
			"faces"         : 42,
			"normals"       : 40,
			"colors"        : 0,
			"uvs"           : [],
			"materials"     : 1,
			"morphTargets"  : 0,
			"bones"         : 0
		},
			"scale" : 1.000000,
			
			"vertices" : [0.322299,1.74129,-0.292891,0.322299,1.74129,0.307109,-0.277701,1.74129,0.307109,-0.277701,1.74129,-0.292891,0.322299,0.0139256,-0.292891,0.322299,0.0139256,0.307109,-0.277701,0.0139256,0.307109,-0.277701,0.0139256,-0.292891,0.279946,1.74129,0.307109,0.279946,1.74129,-0.292891,0.279947,0.0139256,-0.292891,0.279946,0.0139256,0.307109,0.268187,1.74129,-0.292891,0.268187,0.0139256,-0.292891,0.268187,0.0139256,0.307109,0.268187,1.74129,0.307109,0.268685,1.66814,0.281701,0.268685,0.0870754,0.281701,0.268685,0.0870754,-0.267482,0.268685,1.66814,-0.267482,0.279448,0.0870754,0.281701,0.279449,0.0870754,-0.267482,0.279448,1.66814,-0.267482,0.279448,1.66814,0.281701,0.322299,0.57982,-0.292891,0.322299,0.57982,0.307109,0.279947,0.578924,-0.292891,0.279946,0.578924,0.307109,0.279448,0.57889,0.281701,0.279449,0.57889,-0.267482,0.279448,0.559558,0.281701,0.279449,0.559558,-0.267482,0.279947,0.559578,-0.292891,0.279946,0.559578,0.307109,0.322299,0.562067,-0.292891,0.322299,0.562067,0.307109,0.298509,0.562067,0.307109,0.298509,0.562067,-0.292891,0.298509,0.57982,0.307109,0.298509,0.57982,-0.292891],
			"faces"    : [35,0,1,8,9,0,0,1,2,3,35,4,10,11,5,0,4,5,6,7,35,0,24,25,1,0,0,8,9,1,35,1,25,27,8,0,1,9,10,2,35,2,6,7,3,0,11,12,13,14,35,4,34,32,10,0,4,15,16,5,35,15,2,3,12,0,17,11,14,18,35,13,7,6,14,0,19,13,12,20,35,14,6,2,15,0,20,12,11,17,35,12,3,7,13,0,18,14,13,19,35,12,13,18,19,0,18,19,21,22,35,14,15,16,17,0,20,17,23,24,35,13,14,17,18,0,19,20,24,21,35,15,12,19,16,0,17,18,22,23,35,9,8,23,22,0,3,2,25,26,35,11,10,21,20,0,6,5,27,28,35,8,27,28,23,0,2,10,29,25,35,10,32,31,21,0,5,16,30,27,34,18,21,31,0,21,27,30,34,16,23,28,0,23,25,29,35,21,18,17,20,0,27,21,24,28,35,23,16,19,22,0,25,23,22,26,34,28,30,17,0,29,31,24,34,28,17,16,0,29,24,23,34,29,22,19,0,32,26,22,34,29,19,18,0,32,22,21,35,26,9,22,29,0,33,3,26,32,35,27,33,30,28,0,10,34,31,29,35,24,0,9,26,0,8,0,3,33,35,34,4,5,35,0,15,4,7,35,35,35,5,11,33,0,35,7,6,34,35,33,11,20,30,0,34,6,28,31,34,30,20,17,0,31,28,24,34,31,29,18,0,30,32,21,35,32,26,29,31,0,16,33,32,30,35,34,35,36,37,0,15,35,36,37,35,35,25,38,36,0,35,9,38,36,35,24,34,37,39,0,8,15,37,39,35,25,24,39,38,0,9,8,39,38,35,39,37,36,38,0,39,37,36,38,35,28,38,36,30,0,29,38,36,31,35,29,39,37,31,0,32,39,37,30],
			"uvs"      : [],
			"normals"  : [-0.577349,-0.577349,0.577349,-0.577349,-0.577349,-0.577349,0.575488,-0.5786,-0.577899,0.575488,-0.5786,0.577899,-0.577349,0.577349,0.577349,0.575488,0.5786,0.577899,0.575488,0.5786,-0.577899,-0.577349,0.577349,-0.577349,-0.707053,0.707053,0.009522,-0.707053,0.707053,-0.009522,0.889767,0,-0.456404,0.577349,-0.577349,-0.577349,0.577349,0.577349,-0.577349,0.577349,0.577349,0.577349,0.577349,-0.577349,0.577349,-0.706839,-0.706839,-0.026399,0.88049,0,0.474044,-0.575488,-0.5786,-0.577899,-0.575488,-0.5786,0.577899,-0.575488,0.5786,0.577899,-0.575488,0.5786,-0.577899,-0.900906,0.302805,0.310862,-0.900906,-0.302805,0.310862,-0.900906,-0.302805,-0.310862,-0.900906,0.302805,-0.310862,0.900906,-0.302805,-0.310862,0.900906,-0.302805,0.310862,0.900906,0.302805,0.310862,0.900906,0.302805,-0.310862,0.727989,0,-0.685568,0.644917,0,0.764244,0.726585,0,-0.687033,0.638539,0,0.769585,0.889737,0,0.456404,0.88049,0,-0.474044,-0.706839,-0.706839,0.026399,-0.14832,-0.927519,0.342998,-0.693319,-0.376782,-0.614246,-0.194983,0.907132,0.372906,-0.689047,0.385998,-0.61333],
			
			"skinIndices"  : [],
			"skinWeights"  : [],
			"morphTargets" : [],
			
			"bones"      : [],
			"animations" : [],
			
			"colors"    : [],
			"materials" : [
				{
					"DbgColor": 15658734,
					"DbgIndex": 0,
					"DbgName": "Pjate",
					"blending": "NormalBlending",
					"colorAmbient": [0.7857387065887451, 0.7857387065887451, 0.7857387065887451],
					"colorDiffuse": [0.7857387065887451, 0.7857387065887451, 0.7857387065887451],
					"colorEmissive": [0.0, 0.0, 0.0],
					"colorSpecular": [0.7952263951301575, 0.7952263951301575, 0.7952263951301575],
					"depthTest": true,
					"depthWrite": true,
					"shading": "Lambert",
					"specularCoef": 35,
					"transparency": 1.0,
					"transparent": false,
					"vertexColors": false
				}
			]

	}
